"","X","Date","Arrow","Distance","Target","Turn","Timestamp","Points","x","y"
"1",1,"2019-03-20","Easton X7 Eclipse 1914","18m","WA Full (40cm)","1","20:22:44.402",10,-0.04593432,-0.102597356
"2",2,"2019-03-20","Easton X7 Eclipse 1914","18m","WA Full (40cm)","1","20:22:44.402",9,-0.09646249,-0.08191872
"3",3,"2019-03-20","Easton X7 Eclipse 1914","18m","WA Full (40cm)","1","20:22:44.402",5,0.50482845,-0.20599186
"4",4,"2019-03-20","Easton X7 Eclipse 1914","18m","WA Full (40cm)","2","20:47:01.419",9,-0.1446935,-0.04860258
"5",5,"2019-03-20","Easton X7 Eclipse 1914","18m","WA Full (40cm)","2","20:47:01.419",8,0.183738,0.1696744
"6",6,"2019-03-20","Easton X7 Eclipse 1914","18m","WA Full (40cm)","2","20:47:01.419",5,-0.46278983,-0.30121648
"7",7,"2019-03-20","Easton X7 Eclipse 1914","18m","WA Full (40cm)","3","20:52:32.52",6,0.23771095,-0.35189307
"8",8,"2019-03-20","Easton X7 Eclipse 1914","18m","WA Full (40cm)","3","20:52:32.52",8,-0.24230433,0.081214905
"9",9,"2019-03-20","Easton X7 Eclipse 1914","18m","WA Full (40cm)","3","20:52:32.52",9,-0.043637753,0.19494843
"10",10,"2019-03-20","Easton X7 Eclipse 1914","18m","WA Full (40cm)","4","21:01:58.851",8,0.1215229,-0.20693696
"11",11,"2019-03-20","Easton X7 Eclipse 1914","18m","WA Full (40cm)","4","21:01:58.851",7,-0.22393048,0.26043177
"12",12,"2019-03-20","Easton X7 Eclipse 1914","18m","WA Full (40cm)","4","21:01:58.851",10,-0.049863935,0.09681392
"13",13,"2019-03-20","Easton X7 Eclipse 1914","18m","WA Full (40cm)","5","21:02:47.119",9,-0.07005,0.10392952
"14",14,"2019-03-20","Easton X7 Eclipse 1914","18m","WA Full (40cm)","5","21:02:47.119",9,0.07464349,-0.104895115
"15",15,"2019-03-20","Easton X7 Eclipse 1914","18m","WA Full (40cm)","5","21:02:47.119",5,-0.5351366,-0.12557411
"16",16,"2019-03-20","Easton X7 Eclipse 1914","18m","WA Full (40cm)","6","21:07:12.612",8,-0.22622728,-0.13246703
"17",17,"2019-03-20","Easton X7 Eclipse 1914","18m","WA Full (40cm)","6","21:07:12.612",6,0.32268977,-0.38980412
"18",18,"2019-03-20","Easton X7 Eclipse 1914","18m","WA Full (40cm)","6","21:07:12.612",4,-0.36403066,0.5986283
"19",19,"2019-03-20","Easton X7 Eclipse 1914","18m","WA Full (40cm)","7","21:12:22.359",8,0.1642158,-0.20474112
"20",20,"2019-03-20","Easton X7 Eclipse 1914","18m","WA Full (40cm)","7","21:12:22.359",8,0.056269884,-0.26458216
"21",21,"2019-03-20","Easton X7 Eclipse 1914","18m","WA Full (40cm)","7","21:12:22.359",10,0.033302546,-0.06123972
"22",22,"2019-03-20","Easton X7 Eclipse 1914","18m","WA Full (40cm)","8","21:17:17.612",8,-0.057854295,0.2597196
"23",23,"2019-03-20","Easton X7 Eclipse 1914","18m","WA Full (40cm)","8","21:17:17.612",5,0.033302546,0.5556803
"24",24,"2019-03-20","Easton X7 Eclipse 1914","18m","WA Full (40cm)","8","21:17:17.612",4,-0.6890172,0.026071072
"25",25,"2019-03-20","Easton X7 Eclipse 1914","18m","WA Full (40cm)","9","21:22:10.076",7,-0.32728308,0.12257266
"26",26,"2019-03-20","Easton X7 Eclipse 1914","18m","WA Full (40cm)","9","21:22:10.076",5,-0.53476125,0.24434829
"27",27,"2019-03-20","Easton X7 Eclipse 1914","18m","WA Full (40cm)","9","21:22:10.076",9,0.11190176,-0.17203772
"28",28,"2019-03-20","Easton X7 Eclipse 1914","18m","WA Full (40cm)","10","21:26:41.137",7,-0.25838143,-0.22322416
"29",29,"2019-03-20","Easton X7 Eclipse 1914","18m","WA Full (40cm)","10","21:26:41.137",4,-0.161919,-0.66896915
"30",30,"2019-03-20","Easton X7 Eclipse 1914","18m","WA Full (40cm)","10","21:26:41.137",5,0.40881693,0.43390465
"31",31,"2019-03-20","Easton X7 Eclipse 1914","18m","WA Full (40cm)","11","21:36:52.433",8,-0.22820866,-0.21320045
"32",32,"2019-03-20","Easton X7 Eclipse 1914","18m","WA Full (40cm)","11","21:36:52.433",8,0.21474373,-0.07272804
"33",33,"2019-03-20","Easton X7 Eclipse 1914","18m","WA Full (40cm)","11","21:36:52.433",5,0.46738338,-0.27262402
"34",34,"2019-03-20","Easton X7 Eclipse 1914","18m","WA Full (40cm)","12","21:45:55.53",7,-0.3525471,-0.08378255
"35",35,"2019-03-20","Easton X7 Eclipse 1914","18m","WA Full (40cm)","12","21:45:55.53",9,0.05397308,0.13980508
"36",36,"2019-03-20","Easton X7 Eclipse 1914","18m","WA Full (40cm)","12","21:45:55.53",8,0.00803864,-0.24275434
"37",37,"2019-03-25","Easton X7 Eclipse 1914","18m","WA Full (40cm)","1","20:39:19.7",7,-0.12057793,-0.37946463
"38",38,"2019-03-25","Easton X7 Eclipse 1914","18m","WA Full (40cm)","1","20:39:19.7",10,0.07464349,-0.05204916
"39",39,"2019-03-25","Easton X7 Eclipse 1914","18m","WA Full (40cm)","1","20:39:19.7",8,-0.18947971,0.23056221
"40",40,"2019-03-25","Easton X7 Eclipse 1914","18m","WA Full (40cm)","2","20:39:36.662",2,0.09761083,-0.83210254
"41",41,"2019-03-25","Easton X7 Eclipse 1914","18m","WA Full (40cm)","2","20:39:36.662",3,-0.78892463,-0.15348756
"42",42,"2019-03-25","Easton X7 Eclipse 1914","18m","WA Full (40cm)","2","20:39:36.662",7,-0.36181003,-0.04515624
"43",43,"2019-03-25","Easton X7 Eclipse 1914","18m","WA Full (40cm)","3","20:42:51.957",6,-0.36862415,-0.23815918
"44",44,"2019-03-25","Easton X7 Eclipse 1914","18m","WA Full (40cm)","3","20:42:51.957",6,-0.37904269,0.18460941
"45",45,"2019-03-25","Easton X7 Eclipse 1914","18m","WA Full (40cm)","3","20:42:51.957",8,0.0689019,-0.2243731
"46",46,"2019-03-25","Easton X7 Eclipse 1914","18m","WA Full (40cm)","4","20:47:10.928",5,-0.45934474,-0.3829112
"47",47,"2019-03-25","Easton X7 Eclipse 1914","18m","WA Full (40cm)","4","20:47:10.928",7,0.1235826,-0.40129256
"48",48,"2019-03-25","Easton X7 Eclipse 1914","18m","WA Full (40cm)","4","20:47:10.928",8,-0.079236865,0.24664593
"49",49,"2019-03-25","Easton X7 Eclipse 1914","18m","WA Full (40cm)","5","20:50:17.603",7,-0.3325407,0.10945082
"50",50,"2019-03-25","Easton X7 Eclipse 1914","18m","WA Full (40cm)","5","20:50:17.603",9,0.11139119,-0.06238854
"51",51,"2019-03-25","Easton X7 Eclipse 1914","18m","WA Full (40cm)","5","20:50:17.603",4,-0.35025036,-0.5632771
"52",52,"2019-03-25","Easton X7 Eclipse 1914","18m","WA Full (40cm)","6","20:53:51.586",9,0.0022966862,-0.15429461
"53",53,"2019-03-25","Easton X7 Eclipse 1914","18m","WA Full (40cm)","6","20:53:51.586",8,0.15043545,-0.1876105
"54",54,"2019-03-25","Easton X7 Eclipse 1914","18m","WA Full (40cm)","6","20:53:51.586",7,-0.17455101,-0.28181458
"55",55,"2019-03-25","Easton X7 Eclipse 1914","18m","WA Full (40cm)","7","20:57:27.625",10,0.037896037,0.10534024
"56",56,"2019-03-25","Easton X7 Eclipse 1914","18m","WA Full (40cm)","7","20:57:27.625",8,0.14124858,-0.17267585
"57",57,"2019-03-25","Easton X7 Eclipse 1914","18m","WA Full (40cm)","7","20:57:27.625",6,0.041341186,-0.42082262
"58",58,"2019-03-25","Easton X7 Eclipse 1914","18m","WA Full (40cm)","8","21:02:08.359",8,0.1917764,0.14899588
"59",59,"2019-03-25","Easton X7 Eclipse 1914","18m","WA Full (40cm)","8","21:02:08.359",7,0.023645759,0.3633561
"60",60,"2019-03-25","Easton X7 Eclipse 1914","18m","WA Full (40cm)","8","21:02:08.359",4,-0.41800374,-0.52191937
"61",61,"2019-03-25","Easton X7 Eclipse 1914","18m","WA Full (40cm)","9","21:05:55.91",9,0.1389519,0.11682844
"62",62,"2019-03-25","Easton X7 Eclipse 1914","18m","WA Full (40cm)","9","21:05:55.91",9,0.118281364,0.1030426
"63",63,"2019-03-25","Easton X7 Eclipse 1914","18m","WA Full (40cm)","9","21:05:55.91",8,0.07705724,-0.30490804
"64",64,"2019-03-25","Easton X7 Eclipse 1914","18m","WA Full (40cm)","10","21:09:33.743",8,0.024115682,-0.23356366
"65",65,"2019-03-25","Easton X7 Eclipse 1914","18m","WA Full (40cm)","10","21:09:33.743",7,-0.15502882,-0.29723048
"66",66,"2019-03-25","Easton X7 Eclipse 1914","18m","WA Full (40cm)","10","21:09:33.743",6,-0.43752587,0.1570375
"67",67,"2019-03-25","Easton X7 Eclipse 1914","18m","WA Full (40cm)","11","21:13:37.475",8,0.03559923,-0.30938625
"68",68,"2019-03-25","Easton X7 Eclipse 1914","18m","WA Full (40cm)","11","21:13:37.475",6,0.3764546,-0.33006525
"69",69,"2019-03-25","Easton X7 Eclipse 1914","18m","WA Full (40cm)","11","21:13:37.475",5,0.44771087,-0.29200363
"70",70,"2019-03-25","Easton X7 Eclipse 1914","18m","WA Full (40cm)","12","21:18:05.705",8,0.13091326,-0.1956526
"71",71,"2019-03-25","Easton X7 Eclipse 1914","18m","WA Full (40cm)","12","21:18:05.705",6,0.4178766,-0.107192874
"72",72,"2019-03-25","Easton X7 Eclipse 1914","18m","WA Full (40cm)","12","21:18:05.705",8,-0.15617716,-0.23356366
"73",73,"2019-03-25","Easton X7 Eclipse 1914","18m","WA Full (40cm)","13","21:21:19.928",1,-0.33417326,0.89586616
"74",74,"2019-03-25","Easton X7 Eclipse 1914","18m","WA Full (40cm)","13","21:21:19.928",10,-0.045520425,-0.05204916
"75",75,"2019-03-25","Easton X7 Eclipse 1914","18m","WA Full (40cm)","13","21:21:19.928",7,0.03904426,0.34314728
"76",76,"2019-03-25","Easton X7 Eclipse 1914","18m","WA Full (40cm)","14","21:24:22.448",8,0.29283237,-0.033945322
"77",77,"2019-03-25","Easton X7 Eclipse 1914","18m","WA Full (40cm)","14","21:24:22.448",2,0.01952219,0.8302498
"78",78,"2019-03-25","Easton X7 Eclipse 1914","18m","WA Full (40cm)","14","21:24:22.448",8,0.01952219,-0.26458216
"79",79,"2019-03-28","Easton X7 Eclipse 1914","18m","WA Full (40cm)","1","20:10:44.8",7,-0.25378793,-0.25539124
"80",80,"2019-03-28","Easton X7 Eclipse 1914","18m","WA Full (40cm)","1","20:10:44.8",7,-0.28594208,-0.21518242
"81",81,"2019-03-28","Easton X7 Eclipse 1914","18m","WA Full (40cm)","1","20:10:44.8",6,0.45589983,-0.05549574
"82",82,"2019-03-28","Easton X7 Eclipse 1914","18m","WA Full (40cm)","2","20:20:24.75",4,0.40652025,-0.4805616
"83",83,"2019-03-28","Easton X7 Eclipse 1914","18m","WA Full (40cm)","2","20:20:24.75",5,-0.4536029,-0.35145414
"84",84,"2019-03-28","Easton X7 Eclipse 1914","18m","WA Full (40cm)","2","20:20:24.75",1,0.49379575,-0.85967445
"85",85,"2019-03-28","Easton X7 Eclipse 1914","18m","WA Full (40cm)","3","20:20:37.796",7,-0.32728308,-0.22207534
"86",86,"2019-03-28","Easton X7 Eclipse 1914","18m","WA Full (40cm)","3","20:20:37.796",7,-0.33976394,-0.05664444
"87",87,"2019-03-28","Easton X7 Eclipse 1914","18m","WA Full (40cm)","3","20:20:37.796",8,0,-0.239308
"88",88,"2019-03-28","Easton X7 Eclipse 1914","18m","WA Full (40cm)","4","20:24:26.638",7,-0.11139107,-0.33006525
"89",89,"2019-03-28","Easton X7 Eclipse 1914","18m","WA Full (40cm)","4","20:24:26.638",3,-0.67753357,-0.2829634
"90",90,"2019-03-28","Easton X7 Eclipse 1914","18m","WA Full (40cm)","4","20:24:26.638",9,0.10564923,0.13061452
"91",91,"2019-03-28","Easton X7 Eclipse 1914","18m","WA Full (40cm)","5","20:28:16.735",8,0.14699042,-0.25194502
"92",92,"2019-03-28","Easton X7 Eclipse 1914","18m","WA Full (40cm)","5","20:28:16.735",7,-0.16136682,-0.32087457
"93",93,"2019-03-28","Easton X7 Eclipse 1914","18m","WA Full (40cm)","5","20:28:16.735",9,-0.017633796,0.14095402
"94",94,"2019-03-28","Easton X7 Eclipse 1914","18m","WA Full (40cm)","6","20:32:19.611",3,-0.53398824,0.5752106
"95",95,"2019-03-28","Easton X7 Eclipse 1914","18m","WA Full (40cm)","6","20:32:19.611",10,0.048231244,0.029517412
"96",96,"2019-03-28","Easton X7 Eclipse 1914","18m","WA Full (40cm)","6","20:32:19.611",7,-0.25608468,-0.21977794
"97",97,"2019-03-28","Easton X7 Eclipse 1914","18m","WA Full (40cm)","7","20:35:59.816",7,0.2158922,-0.3013444
"98",98,"2019-03-28","Easton X7 Eclipse 1914","18m","WA Full (40cm)","7","20:35:59.816",4,-0.41915208,-0.5621283
"99",99,"2019-03-28","Easton X7 Eclipse 1914","18m","WA Full (40cm)","7","20:35:59.816",7,-0.24689776,0.23056221
"100",100,"2019-03-28","Easton X7 Eclipse 1914","18m","WA Full (40cm)","8","20:39:45.914",9,0.14886296,-0.07962096
"101",101,"2019-03-28","Easton X7 Eclipse 1914","18m","WA Full (40cm)","8","20:39:45.914",6,-0.26986498,0.35004044
"102",102,"2019-03-28","Easton X7 Eclipse 1914","18m","WA Full (40cm)","8","20:39:45.914",10,0.037896037,-0.022179365
"103",103,"2019-03-28","Easton X7 Eclipse 1914","18m","WA Full (40cm)","9","20:45:01.95",9,-0.10390854,0.17541862
"104",104,"2019-03-28","Easton X7 Eclipse 1914","18m","WA Full (40cm)","9","20:45:01.95",8,-0.024115562,-0.27951682
"105",105,"2019-03-28","Easton X7 Eclipse 1914","18m","WA Full (40cm)","9","20:45:01.95",7,0.36403084,0.13772535
"106",106,"2019-03-28","Easton X7 Eclipse 1914","18m","WA Full (40cm)","10","20:49:03.255",3,-0.39388812,0.6338005
"107",107,"2019-03-28","Easton X7 Eclipse 1914","18m","WA Full (40cm)","10","20:49:03.255",8,-0.01952207,-0.24390316
"108",108,"2019-03-28","Easton X7 Eclipse 1914","18m","WA Full (40cm)","10","20:49:03.255",8,0.048231244,-0.28640974
"109",121,"2019-04-01","Easton X27 2712","18m","WA Full (40cm)","1","20:19:36.822",6,0.12631977,0.44079757
"110",122,"2019-04-01","Easton X27 2712","18m","WA Full (40cm)","1","20:19:36.822",9,0.0689019,-0.17956853
"111",123,"2019-04-01","Easton X27 2712","18m","WA Full (40cm)","1","20:19:36.822",7,-0.07349515,-0.34614873
"112",124,"2019-04-01","Easton X27 2712","18m","WA Full (40cm)","2","20:20:26.005",9,0.17110598,-0.015286446
"113",125,"2019-04-01","Easton X27 2712","18m","WA Full (40cm)","2","20:20:26.005",7,0.041341186,-0.35074425
"114",126,"2019-04-01","Easton X27 2712","18m","WA Full (40cm)","2","20:20:26.005",4,0.63848925,-0.15659237
"115",127,"2019-04-01","Easton X27 2712","18m","WA Full (40cm)","3","20:57:23.079",9,0.11598468,0.081214905
"116",128,"2019-04-01","Easton X27 2712","18m","WA Full (40cm)","3","20:57:23.079",9,0.15502894,-0.034043074
"117",129,"2019-04-01","Easton X27 2712","18m","WA Full (40cm)","3","20:57:23.079",8,0.23082078,-0.20142269
"118",130,"2019-04-01","Easton X27 2712","18m","WA Full (40cm)","4","20:57:40.761",9,0.09761083,-0.0934068
"119",131,"2019-04-01","Easton X27 2712","18m","WA Full (40cm)","4","20:57:40.761",9,-0.0045934916,-0.12557411
"120",132,"2019-04-01","Easton X27 2712","18m","WA Full (40cm)","4","20:57:40.761",9,0.12670004,0.09959602
"121",133,"2019-04-01","Easton X27 2712","18m","WA Full (40cm)","5","21:00:28.648",10,0.0470829,-0.05549574
"122",134,"2019-04-01","Easton X27 2712","18m","WA Full (40cm)","5","21:00:28.648",9,-0.1446935,-0.033667803
"123",135,"2019-04-01","Easton X27 2712","18m","WA Full (40cm)","5","21:00:28.648",9,-0.16306734,0.11223316
"124",136,"2019-04-01","Easton X27 2712","18m","WA Full (40cm)","6","21:03:05.923",8,-0.2193371,-0.18416429
"125",137,"2019-04-01","Easton X27 2712","18m","WA Full (40cm)","6","21:03:05.923",5,0.3387668,-0.43575728
"126",138,"2019-04-01","Easton X27 2712","18m","WA Full (40cm)","6","21:03:05.923",4,0.38699806,-0.5401919
"127",139,"2019-04-01","Easton X27 2712","18m","WA Full (40cm)","7","21:06:41.773",9,0.1688093,0.085810184
"128",140,"2019-04-01","Easton X27 2712","18m","WA Full (40cm)","7","21:06:41.773",8,0.30890954,-0.024477243
"129",141,"2019-04-01","Easton X27 2712","18m","WA Full (40cm)","7","21:06:41.773",8,-0.037895918,0.2989962
"130",142,"2019-04-01","Easton X27 2712","18m","WA Full (40cm)","8","21:10:08.482",9,-0.010335207,0.14220667
"131",143,"2019-04-01","Easton X27 2712","18m","WA Full (40cm)","8","21:10:08.482",9,0.011483669,-0.12442529
"132",144,"2019-04-01","Easton X27 2712","18m","WA Full (40cm)","8","21:10:08.482",9,0.18488634,-0.08478272
"133",145,"2019-04-01","Easton X27 2712","18m","WA Full (40cm)","9","21:13:20.364",6,-0.37321758,0.31672454
"134",146,"2019-04-01","Easton X27 2712","18m","WA Full (40cm)","9","21:13:20.364",9,0.029857635,-0.1692295
"135",147,"2019-04-01","Easton X27 2712","18m","WA Full (40cm)","9","21:13:20.364",8,-0.1320616,0.20643687
"136",148,"2019-04-01","Easton X27 2712","18m","WA Full (40cm)","10","21:16:21.475",8,-0.29168385,0.016880512
"137",149,"2019-04-01","Easton X27 2712","18m","WA Full (40cm)","10","21:16:21.475",8,-0.2193371,-0.21977794
"138",150,"2019-04-01","Easton X27 2712","18m","WA Full (40cm)","10","21:16:21.475",8,0.23039806,0.1451261
"139",151,"2019-04-01","Easton X27 2712","18m","WA Full (40cm)","11","21:22:08.831",9,0.114292264,0.15473962
"140",152,"2019-04-01","Easton X27 2712","18m","WA Full (40cm)","11","21:22:08.831",4,-0.106797576,0.6406934
"141",153,"2019-04-01","Easton X27 2712","18m","WA Full (40cm)","11","21:22:08.831",9,0.056269884,0.18346071
"142",154,"2019-04-25","Easton X7 Eclipse 1914","18m","WA Full (40cm)","1","20:48:54.655",8,-0.2802003,-0.13361585
"143",155,"2019-04-25","Easton X7 Eclipse 1914","18m","WA Full (40cm)","1","20:48:54.655",7,-0.32728308,-0.0876627
"144",156,"2019-04-25","Easton X7 Eclipse 1914","18m","WA Full (40cm)","1","20:48:54.655",6,-0.078098536,0.41667223
"145",157,"2019-04-25","Easton X7 Eclipse 1914","18m","WA Full (40cm)","2","20:51:00.247",8,-0.22852397,-0.11753237
"146",158,"2019-04-25","Easton X7 Eclipse 1914","18m","WA Full (40cm)","2","20:51:00.247",3,-0.43522918,-0.60923016
"147",159,"2019-04-25","Easton X7 Eclipse 1914","18m","WA Full (40cm)","2","20:51:00.247",9,0.03100574,-0.12442529
"148",160,"2019-04-25","Easton X7 Eclipse 1914","18m","WA Full (40cm)","3","20:54:06.175",9,-0.15732563,-0.015286446
"149",161,"2019-04-25","Easton X7 Eclipse 1914","18m","WA Full (40cm)","3","20:54:06.175",6,0.40652025,0.1375072
"150",162,"2019-04-25","Easton X7 Eclipse 1914","18m","WA Full (40cm)","3","20:54:06.175",8,0.20785356,0.1478467
"151",163,"2019-04-25","Easton X7 Eclipse 1914","18m","WA Full (40cm)","4","20:57:16.439",7,-0.34106344,0.013434172
"152",164,"2019-04-25","Easton X7 Eclipse 1914","18m","WA Full (40cm)","4","20:57:16.439",10,0.04248953,0.0007970333
"153",165,"2019-04-25","Easton X7 Eclipse 1914","18m","WA Full (40cm)","4","20:57:16.439",9,0.05052793,-0.12327635
"154",166,"2019-04-25","Easton X7 Eclipse 1914","18m","WA Full (40cm)","5","20:59:53.847",7,-0.17110586,-0.2956004
"155",167,"2019-04-25","Easton X7 Eclipse 1914","18m","WA Full (40cm)","5","20:59:53.847",4,-0.536285,-0.41737604
"156",168,"2019-04-25","Easton X7 Eclipse 1914","18m","WA Full (40cm)","5","20:59:53.847",7,-0.18144107,0.30753398
"157",169,"2019-04-25","Easton X7 Eclipse 1914","18m","WA Full (40cm)","6","21:02:30.221",5,-0.24689776,-0.49779403
"158",170,"2019-04-25","Easton X7 Eclipse 1914","18m","WA Full (40cm)","6","21:02:30.221",9,0.0689019,-0.1853131
"159",171,"2019-04-25","Easton X7 Eclipse 1914","18m","WA Full (40cm)","6","21:02:30.221",8,-0.13780344,0.21562743
"160",172,"2019-04-25","Easton X7 Eclipse 1914","18m","WA Full (40cm)","7","21:22:31.951",8,-0.2509759,-0.0686481
"161",173,"2019-04-25","Easton X7 Eclipse 1914","18m","WA Full (40cm)","7","21:22:31.951",9,0.13321018,-0.017584324
"162",174,"2019-04-25","Easton X7 Eclipse 1914","18m","WA Full (40cm)","7","21:22:31.951",8,-0.24115586,-0.16003895
"163",175,"2019-04-25","Easton X7 Eclipse 1914","18m","WA Full (40cm)","8","21:24:47.339",8,0.09186888,-0.26458216
"164",176,"2019-04-25","Easton X7 Eclipse 1914","18m","WA Full (40cm)","8","21:24:47.339",7,-0.35943723,-0.026774883
"165",177,"2019-04-25","Easton X7 Eclipse 1914","18m","WA Full (40cm)","8","21:24:47.339",6,0.17834687,0.3871534
"166",178,"2019-04-29","Easton X27 2712","18m","WA Full (40cm)","1","20:23:38.108",5,0.12861669,-0.5345564
"167",179,"2019-04-29","Easton X27 2712","18m","WA Full (40cm)","1","20:23:38.108",9,-0.07464349,-0.10386443
"168",180,"2019-04-29","Easton X27 2712","18m","WA Full (40cm)","1","20:23:38.108",10,0.0067213774,-0.06911254
"169",181,"2019-04-29","Easton X27 2712","18m","WA Full (40cm)","2","20:23:51.635",6,-0.10105574,-0.44150102
"170",182,"2019-04-29","Easton X27 2712","18m","WA Full (40cm)","2","20:23:51.635",7,-0.34221172,-0.009542465
"171",183,"2019-04-29","Easton X27 2712","18m","WA Full (40cm)","2","20:23:51.635",8,-0.18488622,0.15014458
"172",184,"2019-04-29","Easton X27 2712","18m","WA Full (40cm)","3","20:26:21.995",6,-0.39159143,-0.24964726
"173",185,"2019-04-29","Easton X27 2712","18m","WA Full (40cm)","3","20:26:21.995",6,-0.34221172,-0.26228452
"174",186,"2019-04-29","Easton X27 2712","18m","WA Full (40cm)","3","20:26:21.995",9,-0.05066514,0.14885807
"175",187,"2019-04-29","Easton X27 2712","18m","WA Full (40cm)","4","20:29:16.245",10,0.009186983,0.052494287
"176",188,"2019-04-29","Easton X27 2712","18m","WA Full (40cm)","4","20:29:16.245",6,-0.31235445,0.28340816
"177",189,"2019-04-29","Easton X27 2712","18m","WA Full (40cm)","4","20:29:16.245",8,-0.11942959,-0.19909894
"178",190,"2019-04-29","Easton X27 2712","18m","WA Full (40cm)","5","20:31:58.46",9,0.17799604,0.009987593
"179",191,"2019-04-29","Easton X27 2712","18m","WA Full (40cm)","5","20:31:58.46",8,-0.2342658,-0.098002195
"180",192,"2019-04-29","Easton X27 2712","18m","WA Full (40cm)","5","20:31:58.46",6,-0.43408078,-0.1876105
"181",193,"2019-04-29","Easton X27 2712","18m","WA Full (40cm)","6","20:34:16.702",5,-0.23541415,0.54074574
"182",194,"2019-04-29","Easton X27 2712","18m","WA Full (40cm)","6","20:34:16.702",7,-0.3353216,-0.19680119
"183",195,"2019-04-29","Easton X27 2712","18m","WA Full (40cm)","6","20:34:16.702",7,-0.2790519,-0.17911136
"184",196,"2019-04-29","Easton X27 2712","18m","WA Full (40cm)","7","20:36:25.375",9,-0.19048321,0.007689953
"185",197,"2019-04-29","Easton X27 2712","18m","WA Full (40cm)","7","20:36:25.375",9,-0.010335207,0.15473962
"186",198,"2019-04-29","Easton X27 2712","18m","WA Full (40cm)","7","20:36:25.375",8,-0.22393048,-0.21748018
"187",199,"2019-04-29","Easton X27 2712","18m","WA Full (40cm)","8","20:39:43.692",8,-0.2974257,-0.095704556
"188",200,"2019-04-29","Easton X27 2712","18m","WA Full (40cm)","8","20:39:43.692",10,0.021818876,-0.091109276
"189",201,"2019-04-29","Easton X27 2712","18m","WA Full (40cm)","8","20:39:43.692",6,-0.06315982,-0.41622722
"190",202,"2019-04-29","Easton X27 2712","18m","WA Full (40cm)","9","20:42:07.717",9,-0.13665497,-0.010691404
"191",203,"2019-04-29","Easton X27 2712","18m","WA Full (40cm)","9","20:42:07.717",9,0.013780475,-0.15774119
"192",204,"2019-04-29","Easton X27 2712","18m","WA Full (40cm)","9","20:42:07.717",8,-0.24000764,-0.06644213
"193",205,"2019-04-29","Easton X27 2712","18m","WA Full (40cm)","10","20:44:51.745",6,0.33647013,-0.27497864
"194",206,"2019-04-29","Easton X27 2712","18m","WA Full (40cm)","10","20:44:51.745",6,0.2556095,-0.34614873
"195",207,"2019-04-29","Easton X27 2712","18m","WA Full (40cm)","10","20:44:51.745",8,-0.22622728,-0.08191872
"226",238,"2019-05-09","Easton X27 2712","18m","WA Full (40cm)","1","20:03:51.538",9,-0.079236865,0.13865614
"227",239,"2019-05-09","Easton X27 2712","18m","WA Full (40cm)","1","20:03:51.538",8,0.17799604,0.17209816
"228",240,"2019-05-09","Easton X27 2712","18m","WA Full (40cm)","1","20:03:51.538",7,0.32874835,-0.091109276
"229",241,"2019-05-09","Easton X27 2712","18m","WA Full (40cm)","2","20:40:58.337",8,-0.22507882,-0.13016927
"230",242,"2019-05-09","Easton X27 2712","18m","WA Full (40cm)","2","20:40:58.337",9,-0.15968215,-0.019881964
"231",243,"2019-05-09","Easton X27 2712","18m","WA Full (40cm)","2","20:40:58.337",8,0.23541427,0.09729838
"232",244,"2019-05-09","Easton X27 2712","18m","WA Full (40cm)","3","20:43:21.607",6,-0.09761071,-0.50468695
"233",245,"2019-05-09","Easton X27 2712","18m","WA Full (40cm)","3","20:43:21.607",7,0.22967243,0.22596693
"234",246,"2019-05-09","Easton X27 2712","18m","WA Full (40cm)","3","20:43:21.607",6,0.4306358,0.20758581
"235",247,"2019-05-09","Easton X27 2712","18m","WA Full (40cm)","4","20:45:49.931",9,-0.1171329,-0.098002195
"236",248,"2019-05-09","Easton X27 2712","18m","WA Full (40cm)","4","20:45:49.931",7,0.27445853,0.18460941
"237",249,"2019-05-09","Easton X27 2712","18m","WA Full (40cm)","4","20:45:49.931",8,0.26527178,0.090405464
"238",250,"2019-05-09","Easton X27 2712","18m","WA Full (40cm)","5","20:48:45.782",7,0.31809628,0.21907425
"239",251,"2019-05-09","Easton X27 2712","18m","WA Full (40cm)","5","20:48:45.782",6,-0.43293244,-0.12672305
"240",252,"2019-05-09","Easton X27 2712","18m","WA Full (40cm)","5","20:48:45.782",7,-0.33417326,0.18231153
"241",253,"2019-05-09","Easton X27 2712","18m","WA Full (40cm)","6","20:51:51.824",6,0.3307284,-0.34040475
"242",254,"2019-05-09","Easton X27 2712","18m","WA Full (40cm)","6","20:51:51.824",7,0.32268977,-0.21790218
"243",255,"2019-05-09","Easton X27 2712","18m","WA Full (40cm)","6","20:51:51.824",10,-0.07694018,-0.07157922
"244",256,"2019-05-09","Easton X27 2712","18m","WA Full (40cm)","7","20:54:52.52",9,-0.15847397,-0.102597356
"245",257,"2019-05-09","Easton X27 2712","18m","WA Full (40cm)","7","20:54:52.52",10,0.040192723,-0.06123972
"246",258,"2019-05-09","Easton X27 2712","18m","WA Full (40cm)","7","20:54:52.52",4,0.65507007,0.15308714
"247",259,"2019-05-09","Easton X27 2712","18m","WA Full (40cm)","8","20:58:04.059",9,-0.067753315,-0.16003895
"248",260,"2019-05-09","Easton X27 2712","18m","WA Full (40cm)","8","20:58:04.059",7,0.29742575,0.22238803
"249",261,"2019-05-09","Easton X27 2712","18m","WA Full (40cm)","8","20:58:04.059",6,0.35714054,0.2673247
"250",262,"2019-05-09","Easton X27 2712","18m","WA Full (40cm)","9","21:01:10.373",9,-0.037895918,0.15244198
"251",263,"2019-05-09","Easton X27 2712","18m","WA Full (40cm)","9","21:01:10.373",8,-0.1917764,0.24205065
"252",264,"2019-05-09","Easton X27 2712","18m","WA Full (40cm)","9","21:01:10.373",10,-0.059714794,-0.0704304
"253",265,"2019-05-09","Easton X27 2712","18m","WA Full (40cm)","10","21:04:25.525",9,-0.10514879,-0.091109276
"254",266,"2019-05-09","Easton X27 2712","18m","WA Full (40cm)","10","21:04:25.525",8,0.16191912,0.19724607
"255",267,"2019-05-09","Easton X27 2712","18m","WA Full (40cm)","10","21:04:25.525",7,0.35360503,-0.14395511
"256",268,"2019-05-16","Easton X27 2712","18m","WA Full (40cm)","1","20:38:17.656",10,-0.05052781,-0.029072523
"257",269,"2019-05-16","Easton X27 2712","18m","WA Full (40cm)","1","20:38:17.656",8,-0.002296567,-0.25194502
"258",270,"2019-05-16","Easton X27 2712","18m","WA Full (40cm)","1","20:38:17.656",9,0.09301734,0.1127758
"259",271,"2019-05-16","Easton X27 2712","18m","WA Full (40cm)","2","20:40:26.422",8,0.1343584,0.19655037
"260",272,"2019-05-16","Easton X27 2712","18m","WA Full (40cm)","2","20:40:26.422",8,-0.22622728,-0.112936854
"261",273,"2019-05-16","Easton X27 2712","18m","WA Full (40cm)","2","20:40:26.422",8,0.13321018,-0.218629
"262",274,"2019-05-16","Easton X27 2712","18m","WA Full (40cm)","3","20:43:02.758",9,0.0769403,-0.11439872
"263",275,"2019-05-16","Easton X27 2712","18m","WA Full (40cm)","3","20:43:02.758",6,0.04593444,-0.44494796
"264",276,"2019-05-16","Easton X27 2712","18m","WA Full (40cm)","3","20:43:02.758",9,-0.075662255,0.10648918
"265",277,"2019-05-16","Easton X27 2712","18m","WA Full (40cm)","4","20:46:36.228",10,0.01952219,0.11567974
"266",278,"2019-05-16","Easton X27 2712","18m","WA Full (40cm)","4","20:46:36.228",7,0.13320994,-0.31053507
"267",279,"2019-05-16","Easton X27 2712","18m","WA Full (40cm)","4","20:46:36.228",8,0.18488634,0.23056221
"268",280,"2019-05-16","Easton X27 2712","18m","WA Full (40cm)","5","20:49:58.821",7,-0.295129,0.18690681
"269",281,"2019-05-16","Easton X27 2712","18m","WA Full (40cm)","5","20:49:58.821",8,-0.2974257,-0.0037984848
"270",282,"2019-05-16","Easton X27 2712","18m","WA Full (40cm)","5","20:49:58.821",1,-0.09646237,0.94168615
"271",283,"2019-05-16","Easton X27 2712","18m","WA Full (40cm)","6","20:52:57.329",8,-0.18144107,0.15014458
"272",284,"2019-05-16","Easton X27 2712","18m","WA Full (40cm)","6","20:52:57.329",9,-0.1446935,0.060535908
"273",285,"2019-05-16","Easton X27 2712","18m","WA Full (40cm)","6","20:52:57.329",9,-0.14584196,-0.017584324
"274",286,"2019-05-16","Easton X27 2712","18m","WA Full (40cm)","7","20:55:31.979",8,-0.067753315,0.26502705
"275",287,"2019-05-16","Easton X27 2712","18m","WA Full (40cm)","7","20:55:31.979",8,-0.25378793,-0.19481552
"276",288,"2019-05-16","Easton X27 2712","18m","WA Full (40cm)","7","20:55:31.979",10,0.0045934916,-0.022179365
"277",289,"2019-05-16","Easton X27 2712","18m","WA Full (40cm)","8","20:58:36.395",10,-0.08189213,-0.07502556
"278",290,"2019-05-16","Easton X27 2712","18m","WA Full (40cm)","8","20:58:36.395",8,0.17110598,-0.18349695
"279",291,"2019-05-16","Easton X27 2712","18m","WA Full (40cm)","8","20:58:36.395",6,0.17225444,-0.46218038
"280",292,"2019-05-16","Easton X27 2712","18m","WA Full (40cm)","9","21:01:14.608",9,-0.106797576,-0.089960456
"281",293,"2019-05-16","Easton X27 2712","18m","WA Full (40cm)","9","21:01:14.608",6,-0.42489386,-0.17037845
"282",294,"2019-05-16","Easton X27 2712","18m","WA Full (40cm)","9","21:01:14.608",6,-0.48805374,-0.025082827
"283",295,"2019-05-16","Easton X27 2712","18m","WA Full (40cm)","10","21:03:45.255",7,-0.3824045,0.12946558
"284",296,"2019-05-16","Easton X27 2712","18m","WA Full (40cm)","10","21:03:45.255",7,0.38125622,0.109935045
"285",297,"2019-05-16","Easton X27 2712","18m","WA Full (40cm)","10","21:03:45.255",6,-0.38934267,0.21213317
"286",298,"2019-05-17","Easton X7 Eclipse 1914","18m","WA Full (40cm)","1","20:06:30.272",7,-0.27675515,-0.2767017
"287",299,"2019-05-17","Easton X7 Eclipse 1914","18m","WA Full (40cm)","1","20:06:30.272",8,0.24230444,-0.0440073
"288",300,"2019-05-17","Easton X7 Eclipse 1914","18m","WA Full (40cm)","1","20:06:30.272",8,0.098759174,-0.27032626
"289",301,"2019-05-17","Easton X7 Eclipse 1914","18m","WA Full (40cm)","2","20:08:46.752",8,-0.027560592,-0.28640974
"290",302,"2019-05-17","Easton X7 Eclipse 1914","18m","WA Full (40cm)","2","20:08:46.752",5,-0.3215413,-0.42541778
"291",303,"2019-05-17","Easton X7 Eclipse 1914","18m","WA Full (40cm)","2","20:08:46.752",9,-0.18029273,0.04445243
"292",304,"2019-05-17","Easton X7 Eclipse 1914","18m","WA Full (40cm)","3","20:11:02.31",6,0.47427356,0.1375072
"293",305,"2019-05-17","Easton X7 Eclipse 1914","18m","WA Full (40cm)","3","20:11:02.31",4,-0.4616415,-0.5414493
"294",306,"2019-05-17","Easton X7 Eclipse 1914","18m","WA Full (40cm)","3","20:11:02.31",10,-0.08842385,-0.05549574
"295",307,"2019-05-17","Easton X7 Eclipse 1914","18m","WA Full (40cm)","4","20:13:37.041",9,-0.18947971,-0.091109276
"296",308,"2019-05-17","Easton X7 Eclipse 1914","18m","WA Full (40cm)","4","20:13:37.041",7,-0.18947971,-0.35074425
"297",309,"2019-05-17","Easton X7 Eclipse 1914","18m","WA Full (40cm)","4","20:13:37.041",9,0.1940732,0.022624493
"298",310,"2019-05-17","Easton X7 Eclipse 1914","18m","WA Full (40cm)","5","20:16:04.315",8,-0.20325994,-0.21058726
"299",311,"2019-05-17","Easton X7 Eclipse 1914","18m","WA Full (40cm)","5","20:16:04.315",6,-0.26756823,-0.35648823
"300",312,"2019-05-17","Easton X7 Eclipse 1914","18m","WA Full (40cm)","5","20:16:04.315",10,0.024115682,0.021475792
"301",313,"2019-05-17","Easton X7 Eclipse 1914","18m","WA Full (40cm)","6","20:18:35.295",9,-0.07349515,0.16622806
"302",314,"2019-05-17","Easton X7 Eclipse 1914","18m","WA Full (40cm)","6","20:18:35.295",9,0.14239693,-0.091109276
"303",315,"2019-05-17","Easton X7 Eclipse 1914","18m","WA Full (40cm)","6","20:18:35.295",9,0.106797695,0.18421149
"304",316,"2019-05-17","Easton X7 Eclipse 1914","18m","WA Full (40cm)","7","20:21:16.408",6,-0.44671273,-0.019881964
"305",317,"2019-05-17","Easton X7 Eclipse 1914","18m","WA Full (40cm)","7","20:21:16.408",9,0.101627946,-0.109490275
"306",318,"2019-05-17","Easton X7 Eclipse 1914","18m","WA Full (40cm)","7","20:21:16.408",7,-0.25608468,0.2546878
"307",319,"2019-05-17","Easton X7 Eclipse 1914","18m","WA Full (40cm)","8","20:24:00.88",9,0.07005012,0.18690681
"308",320,"2019-05-17","Easton X7 Eclipse 1914","18m","WA Full (40cm)","8","20:24:00.88",8,0.24460113,0.001945734
"309",321,"2019-05-17","Easton X7 Eclipse 1914","18m","WA Full (40cm)","8","20:24:00.88",7,-0.3663274,-0.0075650215
"310",322,"2019-05-17","Easton X7 Eclipse 1914","18m","WA Full (40cm)","9","20:26:33.42",7,0.32498646,0.249547
"311",323,"2019-05-17","Easton X7 Eclipse 1914","18m","WA Full (40cm)","9","20:26:33.42",5,0.14239693,-0.52881205
"312",324,"2019-05-17","Easton X7 Eclipse 1914","18m","WA Full (40cm)","9","20:26:33.42",3,-0.7383967,0.026071072
"313",325,"2019-05-17","Easton X7 Eclipse 1914","18m","WA Full (40cm)","10","20:29:04.602",7,0.1389519,-0.3109753
"314",326,"2019-05-17","Easton X7 Eclipse 1914","18m","WA Full (40cm)","10","20:29:04.602",6,0.16191912,-0.40244138
"315",327,"2019-05-17","Easton X7 Eclipse 1914","18m","WA Full (40cm)","10","20:29:04.602",5,0.16493392,-0.53915167
"316",328,"2019-05-25","Easton X7 Eclipse 1914","18m","WA Full (40cm)","1","11:23:48.317",8,0.05052793,0.24549723
"317",329,"2019-05-25","Easton X7 Eclipse 1914","18m","WA Full (40cm)","1","11:23:48.317",7,0.1917764,-0.30479097
"318",330,"2019-05-25","Easton X7 Eclipse 1914","18m","WA Full (40cm)","1","11:23:48.317",10,0.067753434,-0.091109276
"319",331,"2019-05-25","Easton X7 Eclipse 1914","18m","WA Full (40cm)","2","11:24:05.095",8,-0.18029273,-0.14855063
"320",332,"2019-05-25","Easton X7 Eclipse 1914","18m","WA Full (40cm)","2","11:24:05.095",7,-0.3984816,-0.00035190582
"321",333,"2019-05-25","Easton X7 Eclipse 1914","18m","WA Full (40cm)","2","11:24:05.095",6,0.1561774,-0.4196738
"322",334,"2019-05-25","Easton X7 Eclipse 1914","18m","WA Full (40cm)","3","11:27:21.925",8,0.114836216,-0.278368
"323",335,"2019-05-25","Easton X7 Eclipse 1914","18m","WA Full (40cm)","3","11:27:21.925",9,-0.012632012,0.1271677
"324",336,"2019-05-25","Easton X7 Eclipse 1914","18m","WA Full (40cm)","3","11:27:21.925",9,0.025264144,0.12027502
"325",337,"2019-05-25","Easton X7 Eclipse 1914","18m","WA Full (40cm)","4","11:30:01.619",6,-0.0229671,-0.44724572
"326",338,"2019-05-25","Easton X7 Eclipse 1914","18m","WA Full (40cm)","4","11:30:01.619",6,-0.49494398,-0.05549574
"327",339,"2019-05-25","Easton X7 Eclipse 1914","18m","WA Full (40cm)","4","11:30:01.619",7,0.2583815,0.2948966
"328",340,"2019-05-25","Easton X7 Eclipse 1914","18m","WA Full (40cm)","5","11:32:48.053",8,-0.27790356,0.15244198
"329",341,"2019-05-25","Easton X7 Eclipse 1914","18m","WA Full (40cm)","5","11:32:48.053",6,0.17799604,-0.41048312
"330",342,"2019-05-25","Easton X7 Eclipse 1914","18m","WA Full (40cm)","5","11:32:48.053",6,0.38010788,0.2569852
"331",343,"2019-05-25","Easton X7 Eclipse 1914","18m","WA Full (40cm)","6","11:35:34.125",8,0.21933722,-0.21403384
"332",344,"2019-05-25","Easton X7 Eclipse 1914","18m","WA Full (40cm)","6","11:35:34.125",6,-0.3824045,-0.27607024
"333",345,"2019-05-25","Easton X7 Eclipse 1914","18m","WA Full (40cm)","6","11:35:34.125",7,0.05856657,-0.37946463
"334",346,"2019-05-25","Easton X7 Eclipse 1914","18m","WA Full (40cm)","7","11:38:35.859",7,-0.31235445,-0.15544343
"335",347,"2019-05-25","Easton X7 Eclipse 1914","18m","WA Full (40cm)","7","11:38:35.859",8,0.18488634,0.17082334
"336",348,"2019-05-25","Easton X7 Eclipse 1914","18m","WA Full (40cm)","7","11:38:35.859",7,0.02742982,-0.40129256
"337",349,"2019-05-25","Easton X7 Eclipse 1914","18m","WA Full (40cm)","8","11:41:22.892",7,0.09301734,-0.38044286
"338",350,"2019-05-25","Easton X7 Eclipse 1914","18m","WA Full (40cm)","8","11:41:22.892",8,-0.23311746,-0.05779338
"339",351,"2019-05-25","Easton X7 Eclipse 1914","18m","WA Full (40cm)","8","11:41:22.892",9,0.1561774,-0.101448536
"340",352,"2019-05-25","Easton X7 Eclipse 1914","18m","WA Full (40cm)","9","11:44:09.056",5,0.17799604,-0.4931985
"341",353,"2019-05-25","Easton X7 Eclipse 1914","18m","WA Full (40cm)","9","11:44:09.056",7,0.2859422,0.23056221
"342",354,"2019-05-25","Easton X7 Eclipse 1914","18m","WA Full (40cm)","9","11:44:09.056",7,-0.1320616,0.31098008
"343",355,"2019-05-25","Easton X7 Eclipse 1914","18m","WA Full (40cm)","10","11:47:11.252",7,0.35797358,-0.091109276
"344",356,"2019-05-25","Easton X7 Eclipse 1914","18m","WA Full (40cm)","10","11:47:11.252",6,0.4949441,-0.12787163
"345",357,"2019-05-25","Easton X7 Eclipse 1914","18m","WA Full (40cm)","10","11:47:11.252",5,-0.2021116,0.5361502
"346",358,"2019-05-26","Easton X7 Eclipse 1914","18m","WA Full (40cm)","1","10:45:39.446",8,0.067753434,-0.24275434
"347",359,"2019-05-26","Easton X7 Eclipse 1914","18m","WA Full (40cm)","1","10:45:39.446",8,0.13368702,-0.26180744
"348",360,"2019-05-26","Easton X7 Eclipse 1914","18m","WA Full (40cm)","1","10:45:39.446",8,-0.19292474,-0.23356366
"349",361,"2019-05-26","Easton X7 Eclipse 1914","18m","WA Full (40cm)","2","10:57:30.824",8,-0.17569935,0.19379997
"350",362,"2019-05-26","Easton X7 Eclipse 1914","18m","WA Full (40cm)","2","10:57:30.824",5,0.54087853,-0.24390316
"351",363,"2019-05-26","Easton X7 Eclipse 1914","18m","WA Full (40cm)","2","10:57:30.824",5,-0.10909438,-0.55835366
"352",364,"2019-05-26","Easton X7 Eclipse 1914","18m","WA Full (40cm)","3","11:00:06.466",10,0.07349503,-0.02792406
"353",365,"2019-05-26","Easton X7 Eclipse 1914","18m","WA Full (40cm)","3","11:00:06.466",9,-0.059714794,0.11567974
"354",366,"2019-05-26","Easton X7 Eclipse 1914","18m","WA Full (40cm)","3","11:00:06.466",9,0.14124858,-0.07962096
"355",367,"2019-05-26","Easton X7 Eclipse 1914","18m","WA Full (40cm)","4","11:02:55.197",6,0.42489398,-0.14855063
"356",368,"2019-05-26","Easton X7 Eclipse 1914","18m","WA Full (40cm)","4","11:02:55.197",5,0.5776261,0.13865614
"357",369,"2019-05-26","Easton X7 Eclipse 1914","18m","WA Full (40cm)","4","11:02:55.197",7,0.2434529,-0.23011744
"358",370,"2019-05-26","Easton X7 Eclipse 1914","18m","WA Full (40cm)","5","11:05:46.941",6,-0.39273977,-0.30938625
"359",371,"2019-05-26","Easton X7 Eclipse 1914","18m","WA Full (40cm)","5","11:05:46.941",6,-0.014928579,-0.44839454
"360",372,"2019-05-26","Easton X7 Eclipse 1914","18m","WA Full (40cm)","5","11:05:46.941",8,-0.20753741,-0.1121043
"361",373,"2019-05-26","Easton X7 Eclipse 1914","18m","WA Full (40cm)","6","11:08:14.823",4,0.54629385,-0.44577014
"362",374,"2019-05-26","Easton X7 Eclipse 1914","18m","WA Full (40cm)","6","11:08:14.823",9,0.026412368,-0.15314579
"363",375,"2019-05-26","Easton X7 Eclipse 1914","18m","WA Full (40cm)","6","11:08:14.823",7,0.22622728,-0.23586142
"364",376,"2019-05-26","Easton X7 Eclipse 1914","18m","WA Full (40cm)","7","11:10:42.215",8,0.30896938,0.03526187
"365",377,"2019-05-26","Easton X7 Eclipse 1914","18m","WA Full (40cm)","7","11:10:42.215",9,-0.13895178,-0.102597356
"366",378,"2019-05-26","Easton X7 Eclipse 1914","18m","WA Full (40cm)","7","11:10:42.215",8,-0.21015012,-0.12557411
"367",379,"2019-05-26","Easton X7 Eclipse 1914","18m","WA Full (40cm)","8","11:13:12.409",9,-0.12517142,0.080065966
"368",380,"2019-05-26","Easton X7 Eclipse 1914","18m","WA Full (40cm)","8","11:13:12.409",7,0.0057418346,-0.37958813
"369",381,"2019-05-26","Easton X7 Eclipse 1914","18m","WA Full (40cm)","8","11:13:12.409",5,0.28249717,-0.46103144
"370",382,"2019-05-26","Easton X7 Eclipse 1914","18m","WA Full (40cm)","9","11:15:33.634",6,0.18947983,-0.39554822
"371",383,"2019-05-26","Easton X7 Eclipse 1914","18m","WA Full (40cm)","9","11:15:33.634",7,0.16995752,-0.37486947
"372",384,"2019-05-26","Easton X7 Eclipse 1914","18m","WA Full (40cm)","9","11:15:33.634",9,-0.032154083,0.14440012
"373",385,"2019-05-26","Easton X7 Eclipse 1914","18m","WA Full (40cm)","10","11:18:07.46",7,-0.11845887,-0.33024287
"374",386,"2019-05-26","Easton X7 Eclipse 1914","18m","WA Full (40cm)","10","11:18:07.46",7,-0.3100577,-0.25194502
"375",387,"2019-05-26","Easton X7 Eclipse 1914","18m","WA Full (40cm)","10","11:18:07.46",8,-0.051676273,-0.3162794
"376",388,"2019-05-27","Easton X7 Eclipse 1914","18m","WA Full (40cm)","1","20:18:04.164",10,-0.09416568,-0.03711438
"377",389,"2019-05-27","Easton X7 Eclipse 1914","18m","WA Full (40cm)","1","20:18:04.164",5,-0.53398824,-0.07062626
"378",390,"2019-05-27","Easton X7 Eclipse 1914","18m","WA Full (40cm)","1","20:18:04.164",4,-0.6235605,-0.13706219
"379",391,"2019-05-27","Easton X7 Eclipse 1914","18m","WA Full (40cm)","2","20:18:17.648",9,-0.037895918,-0.1995529
"380",392,"2019-05-27","Easton X7 Eclipse 1914","18m","WA Full (40cm)","2","20:18:17.648",6,-0.4306357,0.23056221
"381",393,"2019-05-27","Easton X7 Eclipse 1914","18m","WA Full (40cm)","2","20:18:17.648",5,-0.32412577,-0.43575728
"382",394,"2019-05-27","Easton X7 Eclipse 1914","18m","WA Full (40cm)","3","20:21:23.013",8,-0.24115586,-0.0037984848
"383",395,"2019-05-27","Easton X7 Eclipse 1914","18m","WA Full (40cm)","3","20:21:23.013",10,-0.05273509,-0.033667803
"384",396,"2019-05-27","Easton X7 Eclipse 1914","18m","WA Full (40cm)","3","20:21:23.013",2,-0.66490155,-0.50569296
"385",397,"2019-05-27","Easton X7 Eclipse 1914","18m","WA Full (40cm)","4","20:24:56.779",8,0.30201924,-0.042858362
"386",398,"2019-05-27","Easton X7 Eclipse 1914","18m","WA Full (40cm)","4","20:24:56.779",6,-0.3824045,-0.218629
"387",399,"2019-05-27","Easton X7 Eclipse 1914","18m","WA Full (40cm)","4","20:24:56.779",9,0.1642158,-0.11523461
"388",400,"2019-05-27","Easton X7 Eclipse 1914","18m","WA Full (40cm)","5","20:28:06.325",6,-0.42030054,-0.12212753
"389",401,"2019-05-27","Easton X7 Eclipse 1914","18m","WA Full (40cm)","5","20:28:06.325",6,0.014928818,-0.48400795
"390",402,"2019-05-27","Easton X7 Eclipse 1914","18m","WA Full (40cm)","5","20:28:06.325",8,-0.21589196,-0.14280653
"391",403,"2019-05-27","Easton X7 Eclipse 1914","18m","WA Full (40cm)","6","20:31:13.35",9,-0.0057417154,0.21333003
"392",404,"2019-05-27","Easton X7 Eclipse 1914","18m","WA Full (40cm)","6","20:31:13.35",6,-0.39747876,0.26502705
"393",405,"2019-05-27","Easton X7 Eclipse 1914","18m","WA Full (40cm)","6","20:31:13.35",4,0.24919462,-0.5947261
"394",406,"2019-05-27","Easton X7 Eclipse 1914","18m","WA Full (40cm)","7","20:34:30.172",9,-0.18139768,-0.022775412
"395",407,"2019-05-27","Easton X7 Eclipse 1914","18m","WA Full (40cm)","7","20:34:30.172",8,0.0712564,-0.21518242
"396",408,"2019-05-27","Easton X7 Eclipse 1914","18m","WA Full (40cm)","7","20:34:30.172",8,-0.014928579,-0.26444948
"397",409,"2019-05-27","Easton X7 Eclipse 1914","18m","WA Full (40cm)","8","20:37:44.764",6,0.35484385,-0.28640974
"398",410,"2019-05-27","Easton X7 Eclipse 1914","18m","WA Full (40cm)","8","20:37:44.764",5,-0.13435829,-0.5345564
"399",411,"2019-05-27","Easton X7 Eclipse 1914","18m","WA Full (40cm)","8","20:37:44.764",9,-0.027190447,-0.18990827
"400",412,"2019-05-27","Easton X7 Eclipse 1914","18m","WA Full (40cm)","9","20:40:45.03",7,-0.32843137,0.17312098
"401",413,"2019-05-27","Easton X7 Eclipse 1914","18m","WA Full (40cm)","9","20:40:45.03",7,0.067753434,-0.35074425
"402",414,"2019-05-27","Easton X7 Eclipse 1914","18m","WA Full (40cm)","9","20:40:45.03",6,-0.3984816,-0.20714068
"403",415,"2019-05-27","Easton X7 Eclipse 1914","18m","WA Full (40cm)","10","20:43:30.51",8,-0.2905355,-0.0543468
"404",416,"2019-05-27","Easton X7 Eclipse 1914","18m","WA Full (40cm)","10","20:43:30.51",9,-0.14010012,-0.06123972
"405",417,"2019-05-27","Easton X7 Eclipse 1914","18m","WA Full (40cm)","10","20:43:30.51",5,-0.34910202,-0.44150138
"406",418,"2019-06-03","Easton X7 Eclipse 1914","30m","WA Full (80cm)","1","20:58:47.174",9,-0.17799604,-0.06238854
"407",419,"2019-06-03","Easton X7 Eclipse 1914","30m","WA Full (80cm)","1","20:58:47.174",6,-0.22622728,-0.3783158
"408",420,"2019-06-03","Easton X7 Eclipse 1914","30m","WA Full (80cm)","1","20:58:47.174",9,-0.20900178,0.023773432
"409",421,"2019-06-03","Easton X7 Eclipse 1914","30m","WA Full (80cm)","2","20:59:29.461",5,-0.40077823,-0.43460846
"410",422,"2019-06-03","Easton X7 Eclipse 1914","30m","WA Full (80cm)","2","20:59:29.461",8,-0.16832137,-0.15774119
"411",423,"2019-06-03","Easton X7 Eclipse 1914","30m","WA Full (80cm)","2","20:59:29.461",9,-0.13780332,-0.06928146
"412",424,"2019-06-03","Easton X7 Eclipse 1914","30m","WA Full (80cm)","3","21:04:47.94",10,-0.07573247,-0.006095886
"413",425,"2019-06-03","Easton X7 Eclipse 1914","30m","WA Full (80cm)","3","21:04:47.94",10,-0.035599113,-0.026774883
"414",426,"2019-06-03","Easton X7 Eclipse 1914","30m","WA Full (80cm)","3","21:04:47.94",8,0.28823888,-0.08536506
"415",427,"2019-06-03","Easton X7 Eclipse 1914","30m","WA Full (80cm)","4","21:04:57.624",7,0.23583889,-0.22479796
"416",428,"2019-06-03","Easton X7 Eclipse 1914","30m","WA Full (80cm)","4","21:04:57.624",7,-0.012632012,-0.3449999
"417",429,"2019-06-03","Easton X7 Eclipse 1914","30m","WA Full (80cm)","4","21:04:57.624",7,-0.33876675,0.11797714
"418",430,"2019-06-03","Easton X7 Eclipse 1914","30m","WA Full (80cm)","5","21:11:23.44",9,-0.1469903,-0.06813264
"419",431,"2019-06-03","Easton X7 Eclipse 1914","30m","WA Full (80cm)","5","21:11:23.44",9,0.16306746,-0.023328066
"420",432,"2019-06-03","Easton X7 Eclipse 1914","30m","WA Full (80cm)","5","21:11:23.44",8,-0.21008384,-0.12334263
"421",433,"2019-06-03","Easton X7 Eclipse 1914","30m","WA Full (80cm)","6","21:11:39.952",7,0.19645917,-0.3346604
"422",434,"2019-06-03","Easton X7 Eclipse 1914","30m","WA Full (80cm)","6","21:11:39.952",7,-0.39503646,-0.100299716
"423",435,"2019-06-03","Easton X7 Eclipse 1914","30m","WA Full (80cm)","6","21:11:39.952",7,-0.24345273,-0.22667074
"424",436,"2019-06-03","Easton X7 Eclipse 1914","30m","WA Full (80cm)","7","21:17:34.428",9,-0.08769059,-0.14698637
"425",437,"2019-06-03","Easton X7 Eclipse 1914","30m","WA Full (80cm)","7","21:17:34.428",8,-0.21359527,-0.12557411
"426",438,"2019-06-03","Easton X7 Eclipse 1914","30m","WA Full (80cm)","7","21:17:34.428",8,-0.10394788,0.18635345
"427",439,"2019-06-03","Easton X7 Eclipse 1914","30m","WA Full (80cm)","8","21:17:49.949",9,-0.08038533,0.17886496
"428",440,"2019-06-03","Easton X7 Eclipse 1914","30m","WA Full (80cm)","8","21:17:49.949",10,0.036747694,-0.04860258
"429",441,"2019-06-03","Easton X7 Eclipse 1914","30m","WA Full (80cm)","8","21:17:49.949",4,-0.20049334,-0.6535641
"430",442,"2019-06-03","Easton X7 Eclipse 1914","30m","WA Full (80cm)","9","21:24:17.654",6,0.44441605,-0.13706219
"431",443,"2019-06-03","Easton X7 Eclipse 1914","30m","WA Full (80cm)","9","21:24:17.654",6,-0.3193671,-0.27951682
"432",444,"2019-06-03","Easton X7 Eclipse 1914","30m","WA Full (80cm)","9","21:24:17.654",8,0.07005012,-0.2116971
"433",445,"2019-06-03","Easton X7 Eclipse 1914","30m","WA Full (80cm)","10","21:24:31.899",9,-0.18258953,0.012285233
"434",446,"2019-06-03","Easton X7 Eclipse 1914","30m","WA Full (80cm)","10","21:24:31.899",7,-0.3255337,-0.13421726
"435",447,"2019-06-03","Easton X7 Eclipse 1914","30m","WA Full (80cm)","10","21:24:31.899",7,-0.3049364,-0.17904067
"436",448,"2019-06-20","Easton X7 Eclipse 1914","18m","WA Full (40cm)","1","20:20:40.406",9,-0.008038521,-0.16118777
"437",449,"2019-06-20","Easton X7 Eclipse 1914","18m","WA Full (40cm)","1","20:20:40.406",7,0.2252146,0.2719202
"438",450,"2019-06-20","Easton X7 Eclipse 1914","18m","WA Full (40cm)","1","20:20:40.406",6,0.0769403,-0.42541778
"439",451,"2019-06-20","Easton X7 Eclipse 1914","18m","WA Full (40cm)","2","20:24:27.021",9,0.11368787,-0.098002195
"440",452,"2019-06-20","Easton X7 Eclipse 1914","18m","WA Full (40cm)","2","20:24:27.021",7,-0.23541415,-0.25194502
"441",453,"2019-06-20","Easton X7 Eclipse 1914","18m","WA Full (40cm)","2","20:24:27.021",3,0.27993393,-0.69450986
"442",454,"2019-06-20","Easton X7 Eclipse 1914","18m","WA Full (40cm)","3","20:26:49.315",7,0.1642158,-0.28755867
"443",455,"2019-06-20","Easton X7 Eclipse 1914","18m","WA Full (40cm)","3","20:26:49.315",9,-0.033302426,-0.20254552
"444",456,"2019-06-20","Easton X7 Eclipse 1914","18m","WA Full (40cm)","3","20:26:49.315",10,-0.010335207,-0.029927492
"445",457,"2019-06-20","Easton X7 Eclipse 1914","18m","WA Full (40cm)","4","20:29:05.251",5,0.3327365,-0.4802729
"446",458,"2019-06-20","Easton X7 Eclipse 1914","18m","WA Full (40cm)","4","20:29:05.251",8,0.12057805,-0.27492142
"447",459,"2019-06-20","Easton X7 Eclipse 1914","18m","WA Full (40cm)","4","20:29:05.251",9,0.1343584,0.0007970333
"448",460,"2019-06-20","Easton X7 Eclipse 1914","18m","WA Full (40cm)","5","20:31:39.048",8,-0.14584196,0.22252035
"449",461,"2019-06-20","Easton X7 Eclipse 1914","18m","WA Full (40cm)","5","20:31:39.048",9,-0.01148355,0.18690681
"450",462,"2019-06-20","Easton X7 Eclipse 1914","18m","WA Full (40cm)","5","20:31:39.048",8,0.16536403,-0.24160552
"451",463,"2019-06-20","Easton X7 Eclipse 1914","18m","WA Full (40cm)","6","20:34:11.25",6,-0.2491945,-0.4131583
"452",464,"2019-06-20","Easton X7 Eclipse 1914","18m","WA Full (40cm)","6","20:34:11.25",7,0.2687167,-0.19220603
"453",465,"2019-06-20","Easton X7 Eclipse 1914","18m","WA Full (40cm)","6","20:34:11.25",7,0.036747694,0.32131958
"454",466,"2019-06-20","Easton X7 Eclipse 1914","18m","WA Full (40cm)","7","20:36:26.491",9,-0.13780344,0.018029451
"455",467,"2019-06-20","Easton X7 Eclipse 1914","18m","WA Full (40cm)","7","20:36:26.491",5,-0.4567117,-0.30019557
"456",468,"2019-06-20","Easton X7 Eclipse 1914","18m","WA Full (40cm)","7","20:36:26.491",3,-0.75791883,0.21792555
"457",469,"2019-06-20","Easton X7 Eclipse 1914","18m","WA Full (40cm)","8","20:39:42.351",8,0.22278214,-0.102597356
"458",470,"2019-06-20","Easton X7 Eclipse 1914","18m","WA Full (40cm)","8","20:39:42.351",9,0.18718314,0.11223316
"459",471,"2019-06-20","Easton X7 Eclipse 1914","18m","WA Full (40cm)","8","20:39:42.351",4,-0.4995374,-0.44724572
"460",472,"2019-06-20","Easton X7 Eclipse 1914","18m","WA Full (40cm)","9","20:42:01.026",6,0.44900954,-0.21862936
"461",473,"2019-06-20","Easton X7 Eclipse 1914","18m","WA Full (40cm)","9","20:42:01.026",6,-0.45704806,-0.20599186
"462",474,"2019-06-20","Easton X7 Eclipse 1914","18m","WA Full (40cm)","9","20:42:01.026",8,0.10450089,-0.2737726
"463",475,"2019-06-20","Easton X7 Eclipse 1914","18m","WA Full (40cm)","10","20:44:52.615",6,0.3112061,0.38921285
"464",476,"2019-06-20","Easton X7 Eclipse 1914","18m","WA Full (40cm)","10","20:44:52.615",9,0.07119846,-0.12327635
"465",477,"2019-06-20","Easton X7 Eclipse 1914","18m","WA Full (40cm)","10","20:44:52.615",5,0.3732177,-0.43575728
"466",478,"2019-09-12","Easton X7 Eclipse 1914","18m","WA Full (40cm)","1","20:29:37.79",9,0.07005012,-0.11523461
"467",479,"2019-09-12","Easton X7 Eclipse 1914","18m","WA Full (40cm)","1","20:29:37.79",9,0.11139119,-0.089960456
"468",480,"2019-09-12","Easton X7 Eclipse 1914","18m","WA Full (40cm)","1","20:29:37.79",9,0.09761083,-0.18071759
"469",481,"2019-09-12","Easton X7 Eclipse 1914","18m","WA Full (40cm)","2","20:29:56.412",8,-0.087275505,-0.2289685
"470",482,"2019-09-12","Easton X7 Eclipse 1914","18m","WA Full (40cm)","2","20:29:56.412",9,0.048231244,0.1478467
"471",483,"2019-09-12","Easton X7 Eclipse 1914","18m","WA Full (40cm)","2","20:29:56.412",9,0.11713314,0.09729838
"472",484,"2019-09-12","Easton X7 Eclipse 1914","18m","WA Full (40cm)","3","20:33:05.182",9,0.14584208,0.14210272
"473",485,"2019-09-12","Easton X7 Eclipse 1914","18m","WA Full (40cm)","3","20:33:05.182",7,-0.32383806,0.086958885
"474",486,"2019-09-12","Easton X7 Eclipse 1914","18m","WA Full (40cm)","3","20:33:05.182",8,-0.16306734,-0.17612243
"475",487,"2019-09-12","Easton X7 Eclipse 1914","18m","WA Full (40cm)","4","20:35:55.656",5,-0.37781107,0.39714217
"476",488,"2019-09-12","Easton X7 Eclipse 1914","18m","WA Full (40cm)","4","20:35:55.656",8,-0.19866657,0.16393042
"477",489,"2019-09-12","Easton X7 Eclipse 1914","18m","WA Full (40cm)","4","20:35:55.656",10,-0.11253941,0.015731573
"478",490,"2019-09-12","Easton X7 Eclipse 1914","18m","WA Full (40cm)","5","20:38:41.445",10,-0.1171329,0.016880512
"479",491,"2019-09-12","Easton X7 Eclipse 1914","18m","WA Full (40cm)","5","20:38:41.445",9,-0.13665497,-0.13476479
"480",492,"2019-09-12","Easton X7 Eclipse 1914","18m","WA Full (40cm)","5","20:38:41.445",6,-0.3203929,0.38335633
"481",493,"2019-09-12","Easton X7 Eclipse 1914","18m","WA Full (40cm)","6","20:41:43.598",4,-0.3984816,0.5350013
"482",494,"2019-09-12","Easton X7 Eclipse 1914","18m","WA Full (40cm)","6","20:41:43.598",5,-0.17340255,0.5028343
"483",495,"2019-09-12","Easton X7 Eclipse 1914","18m","WA Full (40cm)","6","20:41:43.598",7,-0.08268201,0.34429622
"484",496,"2019-09-12","Easton X7 Eclipse 1914","18m","WA Full (40cm)","7","20:44:27.676",6,-0.095314026,0.43390465
"485",497,"2019-09-12","Easton X7 Eclipse 1914","18m","WA Full (40cm)","7","20:44:27.676",5,-0.52939487,0.086958885
"486",498,"2019-09-12","Easton X7 Eclipse 1914","18m","WA Full (40cm)","7","20:44:27.676",9,-0.1022042,-0.12672305
"487",499,"2019-09-12","Easton X7 Eclipse 1914","18m","WA Full (40cm)","8","20:47:11.573",7,-0.2021116,0.2615807
"488",500,"2019-09-12","Easton X7 Eclipse 1914","18m","WA Full (40cm)","8","20:47:11.573",8,0.18603468,-0.19335485
"489",501,"2019-09-12","Easton X7 Eclipse 1914","18m","WA Full (40cm)","8","20:47:11.573",4,0.57303274,0.37990975
"490",502,"2019-09-12","Easton X7 Eclipse 1914","18m","WA Full (40cm)","9","20:52:00.243",8,-0.09301722,0.2392013
"491",503,"2019-09-12","Easton X7 Eclipse 1914","18m","WA Full (40cm)","9","20:52:00.243",8,0.017225385,0.24894357
"492",504,"2019-09-12","Easton X7 Eclipse 1914","18m","WA Full (40cm)","9","20:52:00.243",5,0.35943735,0.46836948
"493",505,"2019-09-12","Easton X7 Eclipse 1914","18m","WA Full (40cm)","10","20:54:36.219",9,0.06545663,0.13980508
"494",506,"2019-09-12","Easton X7 Eclipse 1914","18m","WA Full (40cm)","10","20:54:36.219",6,-0.25149125,0.38450527
"495",507,"2019-09-12","Easton X7 Eclipse 1914","18m","WA Full (40cm)","10","20:54:36.219",9,-0.118281245,-0.15199721
"496",508,"2019-09-19","Easton X27 2712","18m","WA Full (40cm)","1","19:35:40.571",7,-0.13895178,-0.34478998
"497",509,"2019-09-19","Easton X27 2712","18m","WA Full (40cm)","1","19:35:40.571",8,-0.06315982,0.23975277
"498",510,"2019-09-19","Easton X27 2712","18m","WA Full (40cm)","1","19:35:40.571",9,-0.011354089,0.1685257
"499",511,"2019-09-19","Easton X27 2712","18m","WA Full (40cm)","2","19:53:44.334",8,0.010335326,0.2742176
"500",512,"2019-09-19","Easton X27 2712","18m","WA Full (40cm)","2","19:53:44.334",7,-0.16880918,0.3649752
"501",513,"2019-09-19","Easton X27 2712","18m","WA Full (40cm)","2","19:53:44.334",9,-0.0034450293,0.14899588
"502",514,"2019-09-19","Easton X27 2712","18m","WA Full (40cm)","3","19:56:35.252",9,0.15641534,-0.07272804
"503",515,"2019-09-19","Easton X27 2712","18m","WA Full (40cm)","3","19:56:35.252",10,-0.07464349,0.02722025
"504",516,"2019-09-19","Easton X27 2712","18m","WA Full (40cm)","3","19:56:35.252",9,-0.1148361,0.045601606
"505",517,"2019-09-19","Easton X27 2712","18m","WA Full (40cm)","4","19:59:47.517",7,0.30661273,-0.17987967
"506",518,"2019-09-19","Easton X27 2712","18m","WA Full (40cm)","4","19:59:47.517",7,-0.19866657,0.30969453
"507",519,"2019-09-19","Easton X27 2712","18m","WA Full (40cm)","4","19:59:47.517",8,-0.19751823,0.17771626
"508",520,"2019-09-19","Easton X27 2712","18m","WA Full (40cm)","5","20:02:29.546",8,-0.18258953,-0.218629
"509",521,"2019-09-19","Easton X27 2712","18m","WA Full (40cm)","5","20:02:29.546",9,-0.037895918,0.12869167
"510",522,"2019-09-19","Easton X27 2712","18m","WA Full (40cm)","5","20:02:29.546",9,-0.1019088,-0.091109276
"511",523,"2019-09-19","Easton X27 2712","18m","WA Full (40cm)","6","20:05:08.422",8,-0.24115586,0.15244198
"512",524,"2019-09-19","Easton X27 2712","18m","WA Full (40cm)","6","20:05:08.422",8,-0.19522142,-0.112936854
"513",525,"2019-09-19","Easton X27 2712","18m","WA Full (40cm)","6","20:05:08.422",7,-0.13895178,0.3259151
"514",526,"2019-09-19","Easton X27 2712","18m","WA Full (40cm)","7","20:07:42.645",8,-0.06545663,0.30983138
"515",527,"2019-09-19","Easton X27 2712","18m","WA Full (40cm)","7","20:07:42.645",5,0.3410635,-0.4138192
"516",528,"2019-09-19","Easton X27 2712","18m","WA Full (40cm)","7","20:07:42.645",8,0.28709066,0.09729838
"517",529,"2019-09-19","Easton X27 2712","18m","WA Full (40cm)","8","20:10:28.769",7,-0.14810681,0.30868244
"518",530,"2019-09-19","Easton X27 2712","18m","WA Full (40cm)","8","20:10:28.769",6,-0.33647,0.38077664
"519",531,"2019-09-19","Easton X27 2712","18m","WA Full (40cm)","8","20:10:28.769",8,0.20555687,-0.22207534
"520",532,"2019-09-19","Easton X27 2712","18m","WA Full (40cm)","9","20:15:29.044",9,0.072346926,0.13306975
"521",533,"2019-09-19","Easton X27 2712","18m","WA Full (40cm)","9","20:15:29.044",7,0.03100574,0.3510568
"522",534,"2019-09-19","Easton X27 2712","18m","WA Full (40cm)","9","20:15:29.044",2,-0.63824517,0.5522337
"523",535,"2019-09-19","Easton X27 2712","18m","WA Full (40cm)","10","20:18:30.982",7,-0.21129847,-0.26687932
"524",536,"2019-09-19","Easton X27 2712","18m","WA Full (40cm)","10","20:18:30.982",9,0.10909438,-0.1451037
"525",537,"2019-09-19","Easton X27 2712","18m","WA Full (40cm)","10","20:18:30.982",7,-0.3066126,0.20988345
